{"cameraMode":{"drawMode":0,"name":"Shaded","section":"Shading Mode"},"sceneLighting":false,"audioPlay":false,"sceneViewState":{"showFog":true,"showMaterialUpdate":false,"showSkybox":false,"showFlares":true,"showImageEffects":true,"showParticleSystems":true},"in2DMode":false,"pivot":{"x":-10.732124328613282,"y":0.739784300327301,"z":2.831988573074341},"rotation":{"x":-0.06295324116945267,"y":-0.7431250214576721,"z":0.07070542871952057,"w":-0.6624638438224793},"size":1.658312439918518,"orthographic":false}